-- MariaDB dump 10.19  Distrib 10.5.18-MariaDB, for debian-linux-gnu (x86_64)
--
-- Host: localhost    Database: siete_y_medio
-- ------------------------------------------------------
-- Server version	10.5.18-MariaDB-0+deb11u1

/*!40101 SET @OLD_CHARACTER_SET_CLIENT=@@CHARACTER_SET_CLIENT */;
/*!40101 SET @OLD_CHARACTER_SET_RESULTS=@@CHARACTER_SET_RESULTS */;
/*!40101 SET @OLD_COLLATION_CONNECTION=@@COLLATION_CONNECTION */;
/*!40101 SET NAMES utf8mb4 */;
/*!40103 SET @OLD_TIME_ZONE=@@TIME_ZONE */;
/*!40103 SET TIME_ZONE='+00:00' */;
/*!40014 SET @OLD_UNIQUE_CHECKS=@@UNIQUE_CHECKS, UNIQUE_CHECKS=0 */;
/*!40014 SET @OLD_FOREIGN_KEY_CHECKS=@@FOREIGN_KEY_CHECKS, FOREIGN_KEY_CHECKS=0 */;
/*!40101 SET @OLD_SQL_MODE=@@SQL_MODE, SQL_MODE='NO_AUTO_VALUE_ON_ZERO' */;
/*!40111 SET @OLD_SQL_NOTES=@@SQL_NOTES, SQL_NOTES=0 */;

--
-- Table structure for table `card`
--

DROP TABLE IF EXISTS `card`;
/*!40101 SET @saved_cs_client     = @@character_set_client */;
/*!40101 SET character_set_client = utf8 */;
CREATE TABLE `card` (
  `card_id` char(3) NOT NULL,
  `card_name` varchar(25) DEFAULT NULL,
  `card_value` decimal(3,1) DEFAULT NULL,
  `card_priority` tinyint(2) DEFAULT NULL,
  `card_real_value` tinyint(2) DEFAULT NULL,
  `deck_id` char(3) NOT NULL,
  PRIMARY KEY (`card_id`,`deck_id`),
  KEY `deck_id` (`deck_id`),
  CONSTRAINT `card_ibfk_1` FOREIGN KEY (`deck_id`) REFERENCES `deck` (`deck_id`)
) ENGINE=InnoDB DEFAULT CHARSET=utf8 COLLATE=utf8_general_ci;
/*!40101 SET character_set_client = @saved_cs_client */;

--
-- Dumping data for table `card`
--

LOCK TABLES `card` WRITE;
/*!40000 ALTER TABLE `card` DISABLE KEYS */;
INSERT INTO `card` VALUES ('B01','As de Bastos',1.0,1,1,'ESP'),('B02','Dos de Bastos',2.0,1,2,'ESP'),('B03','Tres de Bastos',3.0,1,3,'ESP'),('B04','Cuatro de Bastos',4.0,1,4,'ESP'),('B05','Cinco de Bastos',5.0,1,5,'ESP'),('B06','Seis de Bastos',6.0,1,6,'ESP'),('B07','Siete de Bastos',7.0,1,7,'ESP'),('B10','Sota de Bastos',0.5,1,10,'ESP'),('B11','Caballo de Bastos',0.5,1,11,'ESP'),('B12','Rey de Bastos',0.5,1,12,'ESP'),('C01','As de Copas',1.0,3,1,'ESP'),('C01','As de corazones',1.0,3,1,'POK'),('C02','Dos de Copas',2.0,3,2,'ESP'),('C02','Dos de corazones',2.0,3,2,'POK'),('C03','Tres de Copas',3.0,3,3,'ESP'),('C03','Tres de corazones',3.0,3,3,'POK'),('C04','Cuatro de Copas',4.0,3,4,'ESP'),('C04','Cuatro de corazones',4.0,3,4,'POK'),('C05','Cinco de Copas',5.0,3,5,'ESP'),('C05','Cinco de corazones',5.0,3,5,'POK'),('C06','Seis de Copas',6.0,3,6,'ESP'),('C06','Seis de corazones',6.0,3,6,'POK'),('C07','Siete de Copas',7.0,3,7,'ESP'),('C07','Siete de corazones',7.0,3,7,'POK'),('C08','Ocho de corazones',0.5,3,8,'POK'),('C09','Nueve de corazones',0.5,3,9,'POK'),('C0J','Jota de corazones',0.5,3,11,'POK'),('C0K','Rey de corazones',0.5,3,13,'POK'),('C0Q','Dama de corazones',0.5,3,12,'POK'),('C10','Sota de Copas',0.5,3,10,'ESP'),('C10','Diez de corazones',0.5,3,10,'POK'),('C11','Caballo de Copas',0.5,3,11,'ESP'),('C12','Rey de Copas',0.5,3,12,'ESP'),('D01','As de diamantes',1.0,4,1,'POK'),('D02','Dos de diamantes',2.0,4,2,'POK'),('D03','Tres de diamantes',3.0,4,3,'POK'),('D04','Cuatro de diamantes',4.0,4,4,'POK'),('D05','Cinco de diamantes',5.0,4,5,'POK'),('D06','Seis de diamantes',6.0,4,6,'POK'),('D07','Siete de diamantes',7.0,4,7,'POK'),('D08','Ocho de diamantes',0.5,4,8,'POK'),('D09','Nueve de diamantes',0.5,4,9,'POK'),('D0J','Jota de diamantes',0.5,4,11,'POK'),('D0K','Rey de diamantes',0.5,4,13,'POK'),('D0Q','Dama de diamantes',0.5,4,12,'POK'),('D10','Diez de diamantes',0.5,4,10,'POK'),('E01','As de Espadas',1.0,2,1,'ESP'),('E02','Dos de Espadas',2.0,2,2,'ESP'),('E03','Tres de Espadas',3.0,2,3,'ESP'),('E04','Cuatro de Espadas',4.0,2,4,'ESP'),('E05','Cinco de Espadas',5.0,2,5,'ESP'),('E06','Seis de Espadas',6.0,2,6,'ESP'),('E07','Siete de Espadas',7.0,2,7,'ESP'),('E10','Sota de Espadas',0.5,2,10,'ESP'),('E11','Caballo de Espadas',0.5,2,11,'ESP'),('E12','Rey de Espadas',0.5,2,12,'ESP'),('O01','As de Oros',1.0,4,1,'ESP'),('O02','Dos de Oros',2.0,4,2,'ESP'),('O03','Tres de Oros',3.0,4,3,'ESP'),('O04','Cuatro de Oros',4.0,4,4,'ESP'),('O05','Cinco de Oros',5.0,4,5,'ESP'),('O06','Seis de Oros',6.0,4,6,'ESP'),('O07','Siete de Oros',7.0,4,7,'ESP'),('O10','Sota de Oros',0.5,4,10,'ESP'),('O11','Caballo de Oros',0.5,4,11,'ESP'),('O12','Rey de Oros',0.5,4,12,'ESP'),('P01','As de picas',1.0,2,1,'POK'),('P02','Dos de picas',2.0,2,2,'POK'),('P03','Tres de picas',3.0,2,3,'POK'),('P04','Cuatro de picas',4.0,2,4,'POK'),('P05','Cinco de picas',5.0,2,5,'POK'),('P06','Seis de picas',6.0,2,6,'POK'),('P07','Siete de picas',7.0,2,7,'POK'),('P08','Ocho de picas',0.5,2,8,'POK'),('P09','Nueve de picas',0.5,2,9,'POK'),('P0J','Jota de picas',0.5,2,11,'POK'),('P0K','Rey de picas',0.5,2,13,'POK'),('P0Q','Dama de picas',0.5,2,12,'POK'),('P10','Diez de picas',0.5,2,10,'POK'),('T01','As de treboles',1.0,1,1,'POK'),('T02','Dos de treboles',2.0,1,2,'POK'),('T03','Tres de treboles',3.0,1,3,'POK'),('T04','Cuatro de treboles',4.0,1,4,'POK'),('T05','Cinco de treboles',5.0,1,5,'POK'),('T06','Seis de treboles',6.0,1,6,'POK'),('T07','Siete de treboles',7.0,1,7,'POK'),('T08','Ocho de treboles',0.5,1,8,'POK'),('T09','Nueve de treboles',0.5,1,9,'POK'),('T0J','Jota de treboles',0.5,1,11,'POK'),('T0K','Rey de treboles',0.5,1,13,'POK'),('T0Q','Dama de treboles',0.5,1,12,'POK'),('T10','Diez de treboles',0.5,1,10,'POK');
/*!40000 ALTER TABLE `card` ENABLE KEYS */;
UNLOCK TABLES;

--
-- Table structure for table `cardgame`
--

DROP TABLE IF EXISTS `cardgame`;
/*!40101 SET @saved_cs_client     = @@character_set_client */;
/*!40101 SET character_set_client = utf8 */;
CREATE TABLE `cardgame` (
  `cardgame_id` int(11) unsigned NOT NULL AUTO_INCREMENT,
  `players` tinyint(2) DEFAULT NULL,
  `rounds` tinyint(2) DEFAULT NULL,
  `start_hour` datetime DEFAULT NULL,
  `end_hour` datetime DEFAULT current_timestamp(),
  PRIMARY KEY (`cardgame_id`)
) ENGINE=InnoDB AUTO_INCREMENT=85 DEFAULT CHARSET=utf8 COLLATE=utf8_general_ci;
/*!40101 SET character_set_client = @saved_cs_client */;

--
-- Dumping data for table `cardgame`
--

LOCK TABLES `cardgame` WRITE;
/*!40000 ALTER TABLE `cardgame` DISABLE KEYS */;
INSERT INTO `cardgame` VALUES (1,2,20,'2022-12-06 14:13:37','2022-12-06 14:13:37'),(2,3,1,'2022-12-08 10:47:04','2022-12-08 10:47:10'),(3,3,1,'2022-12-08 10:54:48','2022-12-08 10:54:54'),(4,3,1,'2022-12-08 10:55:59','2022-12-08 10:56:07'),(5,3,1,'2022-12-08 10:57:03','2022-12-08 10:57:12'),(6,3,1,'2022-12-08 11:04:42','2022-12-08 11:04:51'),(7,3,1,'2022-12-08 11:06:01','2022-12-08 11:06:06'),(8,3,1,'2022-12-08 11:08:02','2022-12-08 11:08:08'),(9,3,1,'2022-12-08 11:09:36','2022-12-08 11:09:41'),(10,3,1,'2022-12-08 11:50:19','2022-12-08 11:50:24'),(11,5,1,'2022-12-08 22:34:29','2022-12-08 22:34:41'),(12,3,1,'2022-12-09 11:37:01','2022-12-09 11:37:20'),(13,3,1,'2022-12-09 13:04:39','2022-12-09 13:04:54'),(14,3,5,'2022-12-09 13:37:24','2022-12-09 13:38:26'),(15,2,3,'2022-12-09 14:26:53','2022-12-09 14:27:06'),(16,2,5,'2022-12-13 08:08:32','2022-12-13 08:10:12'),(17,2,0,'2022-12-16 08:11:38','2022-12-16 08:42:10'),(18,3,3,'2022-12-16 09:00:25','2022-12-16 09:01:11'),(19,3,3,'2022-12-16 17:14:12','2022-12-16 17:15:12'),(20,3,4,'2022-12-16 21:58:40','2022-12-16 21:59:21'),(21,2,3,'2022-12-17 09:43:10','2022-12-17 09:43:56'),(22,3,3,'2022-12-18 14:03:15','2022-12-18 14:03:33'),(23,3,4,'2022-12-20 08:23:46','2022-12-20 08:24:20'),(24,2,2,'2022-12-20 19:13:35','2022-12-20 19:14:32'),(25,2,4,'2022-12-23 12:36:32','2022-12-23 12:37:55'),(26,2,0,'2022-12-23 13:10:05','2022-12-23 13:10:20'),(27,3,5,'2022-12-23 16:59:43','2022-12-23 17:01:36'),(28,2,4,'2022-12-23 18:09:13','2022-12-23 18:09:31'),(29,5,4,'2022-12-24 14:53:55','2022-12-24 14:54:35'),(30,2,2,'2023-01-03 10:03:35','2023-01-03 10:04:34'),(31,2,4,'2023-01-09 15:18:16','2023-01-09 15:21:04'),(32,3,5,'2023-01-09 15:37:48','2023-01-09 15:45:21'),(33,3,10,'2023-01-09 16:00:07','2023-01-09 16:01:39'),(34,2,3,'2023-01-09 16:38:22','2023-01-09 16:40:30'),(35,3,5,'2023-01-09 16:52:49','2023-01-09 17:03:12'),(36,2,2,'2023-01-09 17:10:14','2023-01-09 17:13:58'),(37,3,2,'2023-01-09 17:15:03','2023-01-09 17:16:20'),(38,4,2,'2023-01-09 17:18:15','2023-01-09 17:22:20'),(39,2,2,'2023-01-09 17:23:47','2023-01-09 17:25:38'),(40,2,5,'2023-01-09 17:27:02','2023-01-09 17:30:17'),(41,3,5,'2023-01-09 18:01:56','2023-01-09 18:02:25'),(42,2,3,'2023-01-09 18:04:24','2023-01-09 18:05:19'),(43,2,5,'2023-01-09 18:20:50','2023-01-09 19:04:41'),(44,2,2,'2023-01-09 22:34:32','2023-01-09 22:38:33'),(45,2,5,'2023-01-10 10:07:58','2023-01-10 10:16:55'),(46,3,5,'2023-01-10 14:38:32','2023-01-10 14:43:04'),(47,3,0,'2023-01-10 14:43:21','2023-01-10 14:43:43'),(48,3,5,'2023-01-10 15:05:18','2023-01-10 15:11:10'),(49,2,10,'2023-01-10 17:14:21','2023-01-10 17:16:00'),(50,3,8,'2023-01-10 17:30:51','2023-01-10 17:35:43'),(51,2,5,'2023-01-10 17:46:28','2023-01-10 17:48:09'),(52,2,5,'2023-01-11 15:58:25','2023-01-11 16:00:15'),(53,2,5,'2023-01-11 16:00:43','2023-01-11 16:02:49'),(54,2,1,'2023-01-11 17:45:24','2023-01-11 17:45:50'),(55,2,1,'2023-01-11 17:45:54','2023-01-11 17:45:59'),(56,2,2,'2023-01-11 17:46:07','2023-01-11 17:46:14'),(57,2,5,'2023-01-11 17:46:25','2023-01-11 17:46:31'),(58,3,5,'2023-01-11 17:46:57','2023-01-11 17:48:04'),(59,3,8,'2023-01-11 18:08:30','2023-01-11 18:09:28'),(60,2,4,'2023-01-12 15:03:39','2023-01-12 15:10:38'),(61,2,1,'2023-01-12 15:20:03','2023-01-12 15:20:10'),(62,2,1,'2023-01-12 15:20:37','2023-01-12 15:20:41'),(63,3,5,'2023-01-12 15:22:39','2023-01-12 15:23:36'),(64,2,5,'2023-01-12 15:40:29','2023-01-12 15:55:06'),(65,3,8,'2023-01-12 16:47:35','2023-01-12 16:54:17'),(66,2,5,'2023-01-12 16:59:12','2023-01-12 17:03:04'),(67,2,7,'2023-01-12 17:11:46','2023-01-12 17:15:27'),(68,3,20,'2023-01-12 17:16:35','2023-01-12 17:24:02'),(69,2,2,'2023-01-12 18:02:06','2023-01-12 18:03:26'),(70,2,3,'2023-01-13 14:00:14','2023-01-13 14:08:22'),(71,2,10,'2023-01-13 16:35:35','2023-01-13 16:52:37'),(72,2,10,'2023-01-13 16:56:37','2023-01-13 16:57:09'),(73,2,0,'2023-01-13 17:09:30','2023-01-13 17:10:22'),(74,3,5,'2023-01-14 14:56:56','2023-01-14 14:58:40'),(75,2,5,'2023-01-15 01:11:01','2023-01-15 01:13:22'),(76,2,0,'2023-01-15 18:32:17','2023-01-15 18:33:10'),(77,2,10,'2023-01-15 18:40:17','2023-01-15 18:44:40'),(78,3,10,'2023-01-16 00:12:08','2023-01-16 02:04:49'),(79,3,0,'2023-01-16 02:04:55','2023-01-16 02:05:03'),(80,3,10,'2023-01-16 15:05:57','2023-01-16 15:10:12'),(81,3,4,'2023-01-16 15:51:10','2023-01-16 15:54:11'),(82,2,3,'2023-01-16 16:45:41','2023-01-16 17:16:07'),(83,2,2,'2023-01-16 20:06:49','2023-01-16 20:16:39'),(84,2,2,'2023-01-16 21:54:49','2023-01-16 22:00:56');
/*!40000 ALTER TABLE `cardgame` ENABLE KEYS */;
UNLOCK TABLES;

--
-- Table structure for table `deck`
--

DROP TABLE IF EXISTS `deck`;
/*!40101 SET @saved_cs_client     = @@character_set_client */;
/*!40101 SET character_set_client = utf8 */;
CREATE TABLE `deck` (
  `deck_id` char(3) NOT NULL,
  `deck_name` varchar(25) DEFAULT NULL,
  PRIMARY KEY (`deck_id`)
) ENGINE=InnoDB DEFAULT CHARSET=utf8 COLLATE=utf8_general_ci;
/*!40101 SET character_set_client = @saved_cs_client */;

--
-- Dumping data for table `deck`
--

LOCK TABLES `deck` WRITE;
/*!40000 ALTER TABLE `deck` DISABLE KEYS */;
INSERT INTO `deck` VALUES ('ESP','Baraja Española'),('POK','Poker Deck');
/*!40000 ALTER TABLE `deck` ENABLE KEYS */;
UNLOCK TABLES;

--
-- Table structure for table `player`
--

DROP TABLE IF EXISTS `player`;
/*!40101 SET @saved_cs_client     = @@character_set_client */;
/*!40101 SET character_set_client = utf8 */;
CREATE TABLE `player` (
  `player_id` varchar(25) NOT NULL,
  `player_name` varchar(40) DEFAULT NULL,
  `player_risk` tinyint(2) DEFAULT NULL,
  `human` tinyint(1) DEFAULT 1,
  PRIMARY KEY (`player_id`)
) ENGINE=InnoDB DEFAULT CHARSET=utf8 COLLATE=utf8_general_ci;
/*!40101 SET character_set_client = @saved_cs_client */;

--
-- Dumping data for table `player`
--

LOCK TABLES `player` WRITE;
/*!40000 ALTER TABLE `player` DISABLE KEYS */;
INSERT INTO `player` VALUES ('05437726C','humano1',50,1),('05712725P','q2',30,1),('09036817W','Pepesito69',30,1),('100225595 J','bot2',30,0),('11111111A','Boot1',40,0),('11115555A','Mario',40,1),('12312312K','izan',30,1),('12341234D','Jordi',50,1),('12345678Z','sdfsd',40,1),('13669197K','bot4',30,0),('13797014G','lkddfvs',50,0),('14822229V','bot1',40,0),('16712Z','BOOT2',40,0),('17459464A','ppopp',40,0),('17624117E','isaac',50,1),('18391698R','q',40,0),('18521756V','PEPEBOT',50,0),('19257764W','d',40,1),('20997364C','Gatos',50,1),('22222222A','Boot2',30,0),('22225555A','Pedro',40,1),('22474984M','bot2',30,0),('23184383S','OEOEOE',50,1),('24194940K','w',50,0),('2569804Z','sssssssssss',50,0),('27730710R','humano3',40,1),('2943274X','l',40,0),('2952717T','Fernando',40,0),('324427N','sd',50,0),('3251997G','oioi',40,0),('32922341A','BOOT1',50,0),('33333333A','Boot3',40,0),('33335555A','Noemi',40,1),('34343434H','alex',50,1),('35268822R','Alex',50,1),('36398486C','bot5',40,0),('42875930C','HOLI',30,0),('43484357M','Boot1',30,0),('4375624N','Navio',30,0),('43875286A','jarrincho',40,0),('44121175E','Claudia',50,1),('44444444A','Boot4',50,0),('44445555A','Anabel',40,1),('45548002K','w',30,1),('47662348T','Jorge',50,1),('47746107Q','Alain',40,1),('47891438X','Alex',30,1),('48065731D','Diego',40,1),('48070204C','Gean',40,1),('48071948Q','pau',30,1),('48073176W','Alex',50,1),('48262947T','abc',40,1),('48265611L','Luis',40,1),('48401350N','VALERIA',30,1),('49324297S','humano4',50,1),('49554943V','Alex',30,1),('49781766Z','Joan',30,1),('50237825Y','bot1',30,0),('5124347Q','awd',40,0),('51286024A','Patricio',40,1),('52010567T','a',30,1),('53832034M','alex',30,1),('55555555A','Boot5',40,0),('57245716G','pepito',40,0),('57575757H','Carlota',50,1),('62685891N','Claudai',30,0),('66666666A','Boot6',40,0),('66828221L','bca',30,0),('68866906F','sassa',30,1),('71358119K','sdf',40,0),('71909259N','NoSoyUnBot',30,0),('74941593A','rr',50,0),('77522195M','ue',30,1),('77777777A','Boot7',40,0),('78787878K','Dwayne',50,1),('7881471S','PEPEPE',40,0),('791008153L','bot3',50,0),('8060522B','maquina',50,0),('81376933N','Prueba',40,0),('82224552N','OLAKTAL',50,0),('83713549N','pedro',50,0),('83765670S','Paco',50,0),('83883588N','Boot1',40,0),('83911631H','Joao',40,1),('8475241V','qweqwe',40,0),('85782135R','d',30,1),('86620191Y','CienPorCienHumano',50,1),('8778925D','popo',50,0),('89877297 J','oscar',50,0),('92603107R','YOSOYCRACK',40,1),('94699455Z','alex',50,0),('96183455P','asdasd',30,0),('96832741G','uerobot',40,0),('99577770Y','Bip',30,0),('99999999R','Dani',30,1);
/*!40000 ALTER TABLE `player` ENABLE KEYS */;
UNLOCK TABLES;

--
-- Temporary table structure for view `player_earnings`
--

DROP TABLE IF EXISTS `player_earnings`;
/*!50001 DROP VIEW IF EXISTS `player_earnings`*/;
SET @saved_cs_client     = @@character_set_client;
SET character_set_client = utf8;
/*!50001 CREATE VIEW `player_earnings` AS SELECT
 1 AS `player_id`,
  1 AS `earnings`,
  1 AS `games_played`,
  1 AS `minutes_played` */;
SET character_set_client = @saved_cs_client;

--
-- Table structure for table `player_game`
--

DROP TABLE IF EXISTS `player_game`;
/*!40101 SET @saved_cs_client     = @@character_set_client */;
/*!40101 SET character_set_client = utf8 */;
CREATE TABLE `player_game` (
  `cardgame_id` int(11) unsigned NOT NULL,
  `player_id` varchar(25) NOT NULL,
  `initial_card_id` char(3) DEFAULT NULL,
  `initial_card_deck_id` char(3) DEFAULT NULL,
  `starting_points` tinyint(4) DEFAULT NULL,
  `ending_points` tinyint(4) DEFAULT NULL,
  PRIMARY KEY (`cardgame_id`,`player_id`),
  KEY `player_game_card` (`initial_card_id`),
  KEY `player_game_player` (`player_id`),
  CONSTRAINT `player_game_card` FOREIGN KEY (`initial_card_id`) REFERENCES `card` (`card_id`),
  CONSTRAINT `player_game_cardgame` FOREIGN KEY (`cardgame_id`) REFERENCES `cardgame` (`cardgame_id`),
  CONSTRAINT `player_game_player` FOREIGN KEY (`player_id`) REFERENCES `player` (`player_id`)
) ENGINE=InnoDB DEFAULT CHARSET=utf8 COLLATE=utf8_general_ci;
/*!40101 SET character_set_client = @saved_cs_client */;

--
-- Dumping data for table `player_game`
--

LOCK TABLES `player_game` WRITE;
/*!40000 ALTER TABLE `player_game` DISABLE KEYS */;
INSERT INTO `player_game` VALUES (2,'11111111A','B04','ESP',20,30),(2,'11115555A','E02','ESP',20,14),(2,'22222222A','C01','ESP',20,16),(3,'11111111A','E02','ESP',20,24),(3,'11115555A','C05','ESP',20,20),(3,'22222222A','E05','ESP',20,16),(5,'11111111A','B11','ESP',20,18),(5,'11115555A','C02','ESP',20,26),(5,'22222222A','B04','ESP',20,16),(9,'11111111A','O05','ESP',20,26),(9,'11115555A','C05','ESP',20,32),(9,'22222222A','E10','ESP',20,2),(10,'11111111A','O11','ESP',20,26),(10,'11115555A','O12','ESP',20,10),(10,'22222222A','B04','ESP',20,24),(11,'11111111A','C11','ESP',20,14),(11,'11115555A','E03','ESP',20,14),(11,'22222222A','B12','ESP',20,26),(11,'44445555A','C04','ESP',20,32),(11,'77777777A','C05','ESP',20,14),(12,'11111111A','O03','ESP',20,26),(12,'11115555A','C02','ESP',20,14),(12,'22222222A','E07','ESP',20,20),(13,'11111111A','O01','ESP',20,14),(13,'11115555A','B07','ESP',20,14),(13,'22222222A','C10','ESP',20,32),(14,'11115555A','E12','ESP',20,5),(14,'44444444A','E05','ESP',20,52),(14,'77777777A','C01','ESP',20,3),(15,'11115555A','B12','ESP',20,33),(15,'55555555A','B10','ESP',20,7),(16,'11111111A','D10','POK',20,12),(16,'47746107Q','T0K','POK',20,28),(17,'55555555A','B07','ESP',20,12),(17,'77777777A','C03','ESP',20,28),(18,'55555555A','B11','ESP',20,27),(18,'57575757H','B04','ESP',20,8),(18,'77777777A','B03','ESP',20,25),(19,'22222222A','B11','ESP',20,45),(19,'57575757H','O11','ESP',20,2),(19,'66666666A','C02','ESP',20,13),(20,'12341234D','C05','POK',20,2),(20,'33333333A','D06','POK',20,3),(20,'77777777A','C02','POK',20,55),(21,'57575757H','C04','ESP',20,31),(21,'83765670S','C06','ESP',20,9),(22,'57575757H','C04','ESP',20,15),(22,'77777777A','C11','ESP',20,45),(22,'83765670S','C12','ESP',20,0),(23,'11115555A','P04','POK',20,48),(23,'44444444A','D0J','POK',20,12),(23,'83765670S','D0Q','POK',20,0),(24,'11115555A','T0Q','POK',20,28),(24,'48071948Q','C02','POK',20,12),(25,'57575757H','D08','POK',20,27),(25,'66666666A','D04','POK',20,13),(26,'57575757H','C09','POK',20,28),(26,'66666666A','P06','POK',20,12),(27,'11111111A','E04','ESP',20,35),(27,'22222222A','B04','ESP',20,25),(27,'33333333A','E05','ESP',20,0),(28,'57575757H','O07','ESP',20,1),(28,'83765670S','E10','ESP',20,39),(29,'11111111A','D08','POK',20,24),(29,'11115555A','T07','POK',20,0),(29,'48071948Q','P05','POK',20,0),(29,'55555555A','D09','POK',20,76),(29,'83765670S','D01','POK',20,0),(30,'11111111A','E10','ESP',20,40),(30,'22222222A','B12','ESP',20,0),(31,'49554943V','E12','ESP',20,34),(31,'77777777A','E10','ESP',20,6),(32,'11111111A','C10','ESP',20,45),(32,'48070204C','O04','ESP',20,9),(32,'55555555A','B03','ESP',20,6),(33,'11111111A','E07','ESP',20,30),(33,'22222222A','E06','ESP',20,30),(33,'47891438X','C12','ESP',20,0),(34,'17624117E','O02','ESP',20,11),(34,'32922341A','C03','ESP',20,29),(35,'11111111A','B10','ESP',20,27),(35,'22222222A','E07','ESP',20,11),(35,'44445555A','C01','ESP',20,22),(36,'11111111A','T0J','POK',20,31),(36,'48073176W','C05','POK',20,9),(37,'11111111A','C11','ESP',20,12),(37,'22222222A','B04','ESP',20,18),(37,'32922341A','C02','ESP',20,30),(38,'11111111A','E03','ESP',20,36),(38,'22222222A','O11','ESP',20,31),(38,'32922341A','C03','ESP',20,8),(38,'48265611L','O10','ESP',20,5),(39,'11111111A','O06','ESP',20,0),(39,'11115555A','B06','ESP',20,40),(40,'11115555A','B02','ESP',20,14),(40,'22222222A','C01','ESP',20,26),(41,'33333333A','C12','ESP',20,0),(41,'55555555A','E01','ESP',20,14),(41,'77777777A','C04','ESP',20,46),(42,'11111111A','O03','ESP',20,9),(42,'49781766Z','B12','ESP',20,31),(43,'43875286A','B01','ESP',20,7),(43,'49781766Z','E06','ESP',20,33),(44,'11111111A','O10','ESP',20,1),(44,'16712Z','C01','ESP',20,39),(45,'11111111A','C10','ESP',20,39),(45,'44444444A','C03','ESP',20,1),(46,'11111111A','C09','POK',20,3),(46,'32922341A','P09','POK',20,51),(46,'48265611L','P10','POK',20,6),(47,'11111111A','C04','POK',20,12),(47,'32922341A','P0K','POK',20,36),(47,'48265611L','C10','POK',20,12),(48,'32922341A','B11','ESP',20,4),(48,'34343434H','O04','ESP',20,12),(48,'43875286A','B12','ESP',20,44),(49,'11111111A','E07','ESP',20,40),(49,'22222222A','E01','ESP',20,0),(50,'11111111A','T04','POK',20,2),(50,'48070204C','C07','POK',20,53),(50,'77777777A','T06','POK',20,5),(51,'11111111A','C0Q','POK',20,36),(51,'48070204C','P02','POK',20,4),(52,'48070204C','C12','ESP',20,27),(52,'77777777A','C11','ESP',20,13),(53,'48070204C','C12','ESP',20,37),(53,'77777777A','E03','ESP',20,3),(54,'94699455Z','C12','ESP',20,26),(54,'96183455P','C04','ESP',20,14),(55,'94699455Z','C05','ESP',20,20),(55,'96183455P','O05','ESP',20,20),(56,'94699455Z','O07','ESP',20,20),(56,'96183455P','C01','ESP',20,20),(57,'94699455Z','E07','ESP',20,20),(57,'96183455P','B06','ESP',20,20),(58,'86620191Y','C05','ESP',20,20),(58,'94699455Z','O02','ESP',20,20),(58,'96183455P','B03','ESP',20,20),(59,'11111111A','D03','POK',20,7),(59,'324427N','T04','POK',20,44),(59,'44444444A','P01','POK',20,9),(60,'05437726C','C06','ESP',20,37),(60,'86620191Y','C01','ESP',20,3),(61,'71909259N','D10','POK',20,30),(61,'8778925D','T02','POK',20,10),(62,'71909259N','T08','POK',20,0),(62,'8778925D','T07','POK',20,40),(63,'22222222A','B12','ESP',20,1),(63,'83713549N','O05','ESP',20,57),(63,'83765670S','B01','ESP',20,2),(64,'44444444A','O05','ESP',20,25),(64,'48401350N','B07','ESP',20,15),(65,'86620191Y','E11','ESP',20,47),(65,'8778925D','O01','ESP',20,0),(65,'96183455P','B01','ESP',20,13),(66,'44444444A','D03','POK',20,5),(66,'51286024A','T01','POK',20,35),(67,'44444444A','D07','POK',20,0),(67,'51286024A','T0K','POK',20,40),(68,'48073176W','T06','POK',20,20),(68,'51286024A','D03','POK',20,20),(69,'51286024A','P10','POK',20,7),(69,'86620191Y','P0J','POK',20,33),(70,'11111111A','P0J','POK',20,36),(70,'83911631H','T05','POK',20,4),(71,'52010567T','E04','ESP',20,0),(71,'99577770Y','E02','ESP',20,40),(72,'52010567T','D10','POK',20,20),(72,'99577770Y','C08','POK',20,20),(73,'05437726C','O07','ESP',20,20),(74,'8778925D','B11','ESP',20,53),(74,'99577770Y','E06','ESP',20,5),(74,'99999999R','E05','ESP',20,2),(75,'16712Z','O06','ESP',20,28),(75,'99999999R','E10','ESP',20,12),(76,'35268822R','T03','POK',20,10),(76,'8778925D','D10','POK',20,30),(77,'35268822R','C06','POK',20,0),(77,'8778925D','D10','POK',20,40),(78,'16712Z','O01','ESP',20,12),(78,'85782135R','B12','ESP',20,42),(78,'99999999R','O03','ESP',20,6),(79,'16712Z','C12','ESP',20,32),(79,'85782135R','B10','ESP',20,14),(79,'99999999R','E07','ESP',20,14),(80,'48070204C','O06','ESP',20,0),(80,'77777777A','E12','ESP',20,17),(80,'99577770Y','C11','ESP',20,43),(81,'42875930C','E07','ESP',20,17),(81,'49554943V','C06','ESP',20,16),(81,'66666666A','O07','ESP',20,27),(82,'99577770Y','B01','ESP',20,13),(82,'99999999R','C06','ESP',20,27),(83,'45548002K','D10','POK',20,12),(83,'77522195M','T0J','POK',20,28),(84,'16712Z','O03','ESP',20,40),(84,'99999999R','O07','ESP',20,0);
/*!40000 ALTER TABLE `player_game` ENABLE KEYS */;
UNLOCK TABLES;

--
-- Table structure for table `player_game_round`
--

DROP TABLE IF EXISTS `player_game_round`;
/*!40101 SET @saved_cs_client     = @@character_set_client */;
/*!40101 SET character_set_client = utf8 */;
CREATE TABLE `player_game_round` (
  `cardgame_id` int(11) unsigned NOT NULL,
  `round_num` tinyint(2) NOT NULL,
  `player_id` varchar(25) NOT NULL,
  `is_bank` tinyint(1) DEFAULT 0,
  `bet_points` tinyint(4) DEFAULT NULL,
  `cards_value` decimal(4,1) DEFAULT NULL,
  `starting_round_points` tinyint(4) DEFAULT NULL,
  `ending_round_points` tinyint(4) DEFAULT NULL,
  PRIMARY KEY (`cardgame_id`,`round_num`,`player_id`),
  KEY `player_round_player_game` (`cardgame_id`,`player_id`),
  CONSTRAINT `player_round_player_game` FOREIGN KEY (`cardgame_id`, `player_id`) REFERENCES `player_game` (`cardgame_id`, `player_id`)
) ENGINE=InnoDB DEFAULT CHARSET=utf8 COLLATE=utf8_general_ci;
/*!40101 SET character_set_client = @saved_cs_client */;

--
-- Dumping data for table `player_game_round`
--

LOCK TABLES `player_game_round` WRITE;
/*!40000 ALTER TABLE `player_game_round` DISABLE KEYS */;
INSERT INTO `player_game_round` VALUES (5,0,'11111111A',1,6,6.0,20,18),(5,0,'11115555A',0,6,7.0,20,26),(5,0,'22222222A',0,4,6.0,20,16),(9,0,'11111111A',0,6,5.5,20,26),(9,0,'11115555A',0,6,7.5,20,32),(9,0,'22222222A',1,4,11.0,20,2),(10,0,'11111111A',0,6,6.5,20,26),(10,0,'11115555A',1,6,9.0,20,10),(10,0,'22222222A',0,4,4.0,20,24),(11,0,'11111111A',0,6,6.5,20,14),(11,0,'11115555A',0,6,7.0,20,14),(11,0,'22222222A',1,4,7.0,20,26),(11,0,'44445555A',0,6,7.5,20,32),(11,0,'77777777A',0,6,8.0,20,14),(12,0,'11111111A',0,6,7.0,20,26),(12,0,'11115555A',0,6,8.5,20,14),(12,0,'22222222A',1,4,5.0,20,20),(13,0,'11111111A',0,6,5.0,20,14),(13,0,'11115555A',0,6,6.5,20,14),(13,0,'22222222A',1,4,7.0,20,32),(14,0,'11115555A',1,6,7.0,20,12),(14,0,'44444444A',0,7,7.5,20,34),(14,0,'77777777A',0,6,7.0,20,14),(14,1,'11115555A',0,4,7.0,12,16),(14,1,'44444444A',1,12,6.0,34,34),(14,1,'77777777A',0,4,5.0,14,10),(14,2,'11115555A',0,5,7.0,16,11),(14,2,'44444444A',1,12,7.5,34,42),(14,2,'77777777A',0,3,9.0,10,7),(14,3,'11115555A',0,3,5.0,11,8),(14,3,'44444444A',1,14,5.0,42,47),(14,3,'77777777A',0,2,5.0,7,5),(14,4,'11115555A',0,3,6.0,8,5),(14,4,'44444444A',1,16,7.5,47,52),(14,4,'77777777A',0,2,5.5,5,3),(15,0,'11115555A',1,6,5.0,20,26),(15,0,'55555555A',0,6,8.0,20,14),(15,1,'11115555A',1,7,5.5,26,30),(15,1,'55555555A',0,4,5.0,14,10),(15,2,'11115555A',1,8,6.5,30,33),(15,2,'55555555A',0,3,6.0,10,7),(16,0,'11111111A',0,6,6.0,20,26),(16,0,'47746107Q',1,6,8.5,20,14),(16,1,'11111111A',0,7,6.0,26,19),(16,1,'47746107Q',1,4,6.0,14,21),(16,2,'11111111A',0,6,11.0,19,13),(16,2,'47746107Q',1,6,0.5,21,27),(16,3,'11111111A',0,4,5.0,13,9),(16,3,'47746107Q',1,8,7.5,27,31),(16,4,'11111111A',0,3,7.0,9,12),(16,4,'47746107Q',1,9,11.0,31,28),(17,0,'55555555A',1,8,11.0,20,12),(17,0,'77777777A',0,8,5.0,20,28),(18,0,'55555555A',1,8,6.5,20,22),(18,0,'57575757H',0,10,6.0,20,10),(18,0,'77777777A',0,8,7.0,20,28),(18,1,'55555555A',1,9,5.0,22,15),(18,1,'57575757H',0,5,10.0,10,5),(18,1,'77777777A',0,12,7.0,28,40),(18,2,'55555555A',1,6,5.0,15,27),(18,2,'57575757H',0,3,6.0,5,8),(18,2,'77777777A',0,15,5.0,40,25),(19,0,'22222222A',0,6,7.0,20,26),(19,0,'57575757H',1,10,6.0,20,22),(19,0,'66666666A',0,8,8.0,20,12),(19,1,'22222222A',0,8,6.5,26,34),(19,1,'57575757H',1,11,6.0,22,19),(19,1,'66666666A',0,5,5.0,12,7),(19,2,'22222222A',0,11,6.5,34,45),(19,2,'57575757H',1,10,8.5,19,2),(19,2,'66666666A',0,3,7.5,7,13),(20,0,'12341234D',0,10,10.0,20,20),(20,0,'33333333A',1,8,10.0,20,4),(20,0,'77777777A',0,8,7.5,20,36),(20,1,'12341234D',0,10,12.0,20,10),(20,1,'33333333A',0,2,10.0,4,2),(20,1,'77777777A',1,15,5.0,36,48),(20,2,'12341234D',0,5,8.5,10,5),(20,2,'33333333A',0,1,9.0,2,1),(20,2,'77777777A',1,20,7.0,48,54),(20,3,'12341234D',0,3,8.0,5,2),(20,3,'33333333A',0,1,7.5,1,3),(20,3,'77777777A',1,22,6.0,54,55),(21,0,'57575757H',0,10,5.5,20,10),(21,0,'83765670S',1,10,6.0,20,30),(21,1,'57575757H',0,5,7.0,10,15),(21,1,'83765670S',1,15,8.5,30,25),(21,2,'57575757H',0,8,7.5,15,31),(21,2,'83765670S',1,13,10.0,25,9),(22,0,'57575757H',0,10,7.0,20,30),(22,0,'77777777A',0,8,6.5,20,28),(22,0,'83765670S',1,10,10.0,20,2),(22,1,'57575757H',0,2,7.0,30,30),(22,1,'77777777A',0,2,7.0,28,30),(22,1,'83765670S',1,1,11.5,2,0),(22,2,'57575757H',0,15,6.0,30,15),(22,2,'77777777A',1,12,7.5,30,45),(23,0,'11115555A',0,8,5.0,20,28),(23,0,'44444444A',0,10,6.0,20,30),(23,0,'83765670S',1,10,8.0,20,2),(23,1,'11115555A',0,2,9.0,28,26),(23,1,'44444444A',0,2,10.0,30,28),(23,1,'83765670S',1,1,7.0,2,6),(23,2,'11115555A',0,6,7.0,26,26),(23,2,'44444444A',0,6,7.0,28,34),(23,2,'83765670S',1,3,12.0,6,0),(23,3,'11115555A',0,11,7.5,26,48),(23,3,'44444444A',1,17,10.0,34,12),(24,0,'11115555A',1,8,0.5,20,26),(24,0,'48071948Q',0,6,8.0,20,14),(24,1,'11115555A',1,11,6.5,26,31),(24,1,'48071948Q',0,5,4.5,14,9),(24,2,'11115555A',1,13,0.0,31,28),(24,2,'48071948Q',0,3,0.5,9,12),(25,0,'57575757H',1,10,8.0,20,12),(25,0,'66666666A',0,8,7.0,20,28),(25,1,'57575757H',1,6,7.5,12,24),(25,1,'66666666A',0,12,6.0,28,16),(25,2,'57575757H',1,12,9.0,24,17),(25,2,'66666666A',0,7,7.0,16,23),(25,3,'57575757H',1,9,0.5,17,27),(25,3,'66666666A',0,10,9.5,23,13),(26,0,'57575757H',1,10,7.5,20,28),(26,0,'66666666A',0,8,6.0,20,12),(27,0,'11111111A',0,8,7.5,20,36),(27,0,'22222222A',0,6,7.0,20,24),(27,0,'33333333A',1,8,10.0,20,0),(27,1,'11111111A',1,15,13.5,36,28),(27,1,'22222222A',0,8,7.0,24,32),(27,2,'11111111A',1,12,4.0,28,38),(27,2,'22222222A',0,10,9.0,32,22),(27,3,'11111111A',1,16,7.0,38,45),(27,3,'22222222A',0,7,4.0,22,15),(27,4,'11111111A',1,18,10.0,45,35),(27,4,'22222222A',0,5,7.5,15,25),(28,0,'57575757H',0,10,5.0,20,10),(28,0,'83765670S',1,10,6.0,20,30),(28,1,'57575757H',0,5,11.0,10,5),(28,1,'83765670S',1,15,2.0,30,35),(28,2,'57575757H',0,3,6.0,5,2),(28,2,'83765670S',1,18,7.5,35,38),(28,3,'57575757H',0,1,5.0,2,1),(28,3,'83765670S',1,19,6.0,38,39),(29,0,'11111111A',0,8,6.5,20,12),(29,0,'11115555A',0,8,5.5,20,12),(29,0,'48071948Q',0,6,6.0,20,0),(29,0,'55555555A',1,8,7.5,20,66),(29,0,'83765670S',0,10,10.0,20,10),(29,1,'11111111A',0,5,6.0,12,17),(29,1,'11115555A',0,5,7.5,12,22),(29,1,'55555555A',1,27,10.5,66,51),(29,1,'83765670S',0,5,10.5,10,10),(29,2,'11111111A',0,7,8.0,17,17),(29,2,'11115555A',1,9,10.0,22,0),(29,2,'55555555A',0,21,6.0,51,72),(29,2,'83765670S',0,5,7.5,10,11),(29,3,'11111111A',0,7,6.0,17,24),(29,3,'55555555A',0,11,9.0,72,72),(29,3,'83765670S',1,6,11.0,11,4),(29,4,'11111111A',0,4,7.0,24,24),(29,4,'55555555A',0,4,6.5,72,76),(29,4,'83765670S',1,2,11.5,4,0),(30,0,'11111111A',0,8,7.0,20,28),(30,0,'22222222A',1,6,10.0,20,12),(30,1,'11111111A',0,12,6.0,28,40),(30,1,'22222222A',1,4,10.0,12,0),(31,0,'49554943V',1,6,7.0,20,28),(31,0,'77777777A',0,8,6.5,20,12),(31,1,'49554943V',1,9,0.0,28,23),(31,1,'77777777A',0,5,4.5,12,17),(31,2,'49554943V',1,7,6.5,23,30),(31,2,'77777777A',0,7,6.0,17,10),(31,3,'49554943V',1,9,6.0,30,34),(31,3,'77777777A',0,4,9.0,10,6),(32,0,'11111111A',1,8,4.0,20,33),(32,0,'48070204C',0,8,8.0,20,15),(32,0,'55555555A',0,8,8.0,20,12),(32,1,'11111111A',1,14,9.5,33,27),(32,1,'48070204C',0,6,7.0,15,21),(32,1,'55555555A',0,5,9.0,12,12),(32,2,'11111111A',1,11,6.0,27,23),(32,2,'48070204C',0,9,6.5,21,30),(32,2,'55555555A',0,5,5.0,12,7),(32,3,'11111111A',1,10,6.0,23,35),(32,3,'48070204C',0,12,11.0,30,15),(32,3,'55555555A',0,3,7.0,7,10),(32,4,'11111111A',1,14,5.0,35,45),(32,4,'48070204C',0,6,10.5,15,9),(32,4,'55555555A',0,4,9.5,10,6),(33,0,'11111111A',0,8,5.0,20,28),(33,0,'22222222A',0,6,7.5,20,32),(33,0,'47891438X',1,6,9.5,20,0),(33,1,'11111111A',0,12,5.0,28,16),(33,1,'22222222A',1,10,6.0,32,44),(33,2,'11111111A',0,7,10.5,16,9),(33,2,'22222222A',1,14,2.0,44,51),(33,3,'11111111A',0,4,6.0,9,5),(33,3,'22222222A',1,16,7.5,51,55),(33,4,'11111111A',0,2,7.0,5,7),(33,4,'22222222A',1,17,8.5,55,53),(33,5,'11111111A',0,3,5.5,7,10),(33,5,'22222222A',1,16,8.0,53,50),(33,6,'11111111A',0,4,5.0,10,6),(33,6,'22222222A',1,15,6.0,50,54),(33,7,'11111111A',0,3,7.0,6,9),(33,7,'22222222A',1,17,9.5,54,51),(33,8,'11111111A',0,4,7.5,9,17),(33,8,'22222222A',1,16,12.0,51,43),(33,9,'11111111A',1,7,5.0,17,30),(33,9,'22222222A',0,13,5.0,43,30),(34,0,'17624117E',0,10,5.5,20,30),(34,0,'32922341A',1,10,10.5,20,10),(34,1,'17624117E',0,10,9.0,30,20),(34,1,'32922341A',1,5,4.0,10,20),(34,2,'17624117E',0,10,7.0,20,23),(34,2,'32922341A',1,10,8.5,20,17),(34,3,'17624117E',0,12,0.0,23,11),(34,3,'32922341A',1,9,4.0,17,29),(35,0,'11111111A',1,8,5.5,20,6),(35,0,'22222222A',0,6,4.5,20,14),(35,0,'44445555A',0,8,7.5,20,40),(35,1,'11111111A',0,3,7.0,6,9),(35,1,'22222222A',0,5,7.0,14,19),(35,1,'44445555A',1,16,13.5,40,32),(35,2,'11111111A',0,4,4.0,9,13),(35,2,'22222222A',0,6,5.0,19,25),(35,2,'44445555A',1,13,11.5,32,22),(35,3,'11111111A',0,6,7.0,13,19),(35,3,'22222222A',0,8,3.0,25,17),(35,3,'44445555A',1,9,5.5,22,24),(35,4,'11111111A',0,8,5.0,19,27),(35,4,'22222222A',0,6,3.0,17,11),(35,4,'44445555A',1,10,4.0,24,22),(36,0,'11111111A',1,8,2.0,20,25),(36,0,'48073176W',0,10,0.0,20,15),(36,1,'11111111A',1,10,7.5,25,31),(36,1,'48073176W',0,8,4.0,15,9),(37,0,'11111111A',1,8,11.0,20,4),(37,0,'22222222A',0,6,7.0,20,26),(37,0,'32922341A',0,10,6.0,20,30),(37,1,'11111111A',1,2,6.0,4,4),(37,1,'22222222A',0,4,4.0,26,22),(37,1,'32922341A',0,4,6.5,30,34),(37,2,'11111111A',1,2,6.0,4,12),(37,2,'22222222A',0,4,6.0,22,18),(37,2,'32922341A',0,4,10.0,34,30),(38,0,'11111111A',1,8,7.5,20,35),(38,0,'22222222A',1,6,6.0,20,20),(38,0,'32922341A',0,10,6.0,20,10),(38,0,'48265611L',0,8,8.0,20,15),(38,1,'11111111A',1,14,3.0,35,35),(38,1,'22222222A',1,6,7.0,20,31),(38,1,'32922341A',0,5,9.5,10,5),(38,1,'48265611L',0,6,12.5,15,9),(38,2,'11111111A',1,14,6.0,35,36),(38,2,'22222222A',1,10,3.5,31,31),(38,2,'32922341A',0,3,7.0,5,8),(38,2,'48265611L',0,4,10.0,9,5),(39,0,'11111111A',1,8,8.0,20,15),(39,0,'11115555A',0,8,7.0,20,25),(39,1,'11111111A',1,6,9.5,15,0),(39,1,'11115555A',0,10,7.0,25,40),(40,0,'11115555A',1,8,6.0,20,26),(40,0,'22222222A',0,6,5.5,20,14),(40,1,'11115555A',1,11,4.0,26,31),(40,1,'22222222A',0,5,4.0,14,9),(40,2,'11115555A',1,13,8.0,31,28),(40,2,'22222222A',0,3,6.0,9,12),(40,3,'11115555A',1,12,8.0,28,24),(40,3,'22222222A',0,4,7.0,12,16),(40,4,'11115555A',1,10,11.5,24,14),(40,4,'22222222A',0,5,7.5,16,26),(41,0,'33333333A',1,8,9.0,20,4),(41,0,'55555555A',0,8,6.0,20,28),(41,0,'77777777A',0,8,5.0,20,28),(41,1,'33333333A',1,2,9.0,4,0),(41,1,'55555555A',0,4,6.0,28,28),(41,1,'77777777A',0,4,7.0,28,32),(41,2,'55555555A',0,12,6.5,28,40),(41,2,'77777777A',1,13,8.0,32,20),(41,3,'55555555A',0,16,4.0,40,24),(41,3,'77777777A',1,8,5.0,20,36),(41,4,'55555555A',0,10,4.0,24,14),(41,4,'77777777A',1,15,6.0,36,46),(42,0,'11111111A',0,8,5.0,20,28),(42,0,'49781766Z',1,6,8.5,20,12),(42,1,'11111111A',0,12,6.0,28,16),(42,1,'49781766Z',1,4,6.0,12,24),(42,2,'11111111A',0,7,6.0,16,9),(42,2,'49781766Z',1,8,6.0,24,31),(43,0,'43875286A',0,8,5.0,20,28),(43,0,'49781766Z',1,6,10.0,20,12),(43,1,'43875286A',0,12,8.0,28,16),(43,1,'49781766Z',1,4,0.5,12,24),(43,2,'43875286A',0,7,7.0,16,9),(43,2,'49781766Z',1,8,7.0,24,31),(43,3,'43875286A',0,4,7.0,9,5),(43,3,'49781766Z',1,10,7.0,31,35),(43,4,'43875286A',0,2,4.0,5,7),(43,4,'49781766Z',1,11,9.5,35,33),(44,0,'11111111A',1,8,8.0,20,4),(44,0,'16712Z',0,8,7.5,20,36),(44,1,'11111111A',0,2,6.0,4,2),(44,1,'16712Z',1,15,6.5,36,38),(44,2,'11111111A',0,1,7.0,2,1),(44,2,'16712Z',1,16,7.0,38,39),(45,0,'11111111A',1,8,7.0,20,30),(45,0,'44444444A',0,10,9.5,20,10),(45,1,'11111111A',1,12,2.0,30,35),(45,1,'44444444A',0,5,8.0,10,5),(45,2,'11111111A',1,14,7.0,35,38),(45,2,'44444444A',0,3,6.0,5,2),(45,3,'11111111A',1,16,12.0,38,37),(45,3,'44444444A',0,1,6.0,2,3),(45,4,'11111111A',1,15,1.0,37,39),(45,4,'44444444A',0,2,8.0,3,1),(46,0,'11111111A',0,8,6.5,20,12),(46,0,'32922341A',0,10,10.5,20,10),(46,0,'48265611L',1,8,6.5,20,38),(46,1,'11111111A',0,5,6.5,12,17),(46,1,'32922341A',0,5,7.0,10,15),(46,1,'48265611L',1,16,10.5,38,28),(46,2,'11111111A',0,7,10.0,17,10),(46,2,'32922341A',0,8,7.5,15,31),(46,2,'48265611L',1,12,5.0,28,19),(46,3,'11111111A',0,4,11.0,10,6),(46,3,'32922341A',1,16,6.0,31,43),(46,3,'48265611L',0,8,6.0,19,11),(46,4,'11111111A',0,3,6.0,6,3),(46,4,'32922341A',1,22,7.0,43,51),(46,4,'48265611L',0,5,7.0,11,6),(47,0,'11111111A',0,8,7.5,20,12),(47,0,'32922341A',1,10,7.5,20,36),(47,0,'48265611L',0,8,0.0,20,12),(48,0,'32922341A',0,10,6.0,20,10),(48,0,'34343434H',0,10,7.0,20,17),(48,0,'43875286A',1,8,7.0,20,33),(48,1,'32922341A',0,5,10.0,10,10),(48,1,'34343434H',0,9,6.0,17,26),(48,1,'43875286A',1,14,8.0,33,24),(48,2,'32922341A',0,5,8.5,10,5),(48,2,'34343434H',0,13,9.0,26,16),(48,2,'43875286A',1,10,3.0,24,39),(48,3,'32922341A',0,3,5.0,5,8),(48,3,'34343434H',0,8,5.5,16,22),(48,3,'43875286A',1,16,8.0,39,30),(48,4,'32922341A',0,4,5.0,8,4),(48,4,'34343434H',0,11,5.5,22,12),(48,4,'43875286A',1,12,7.0,30,44),(49,0,'11111111A',1,8,7.5,20,26),(49,0,'22222222A',0,6,5.0,20,14),(49,1,'11111111A',1,11,1.0,26,31),(49,1,'22222222A',0,5,8.0,14,9),(49,2,'11111111A',1,13,2.0,31,34),(49,2,'22222222A',0,3,8.0,9,6),(49,3,'11111111A',1,14,11.5,34,32),(49,3,'22222222A',0,2,5.5,6,8),(49,4,'11111111A',1,13,5.0,32,35),(49,4,'22222222A',0,3,3.0,8,5),(49,5,'11111111A',1,14,7.0,35,37),(49,5,'22222222A',0,2,6.5,5,3),(49,6,'11111111A',1,15,8.0,37,36),(49,6,'22222222A',0,1,6.0,3,4),(49,7,'11111111A',1,15,7.5,36,38),(49,7,'22222222A',0,2,3.0,4,2),(49,8,'11111111A',1,16,9.5,38,36),(49,8,'22222222A',0,1,7.5,2,4),(49,9,'11111111A',0,4,7.0,36,40),(49,9,'22222222A',1,2,10.5,4,0),(50,0,'11111111A',0,8,5.0,20,12),(50,0,'48070204C',1,8,6.0,20,20),(50,0,'77777777A',0,8,6.5,20,28),(50,1,'11111111A',0,5,12.0,12,7),(50,1,'48070204C',1,8,0.5,20,37),(50,1,'77777777A',0,12,10.0,28,16),(50,2,'11111111A',0,3,5.0,7,4),(50,2,'48070204C',1,15,6.0,37,47),(50,2,'77777777A',0,7,5.0,16,9),(50,3,'11111111A',0,2,8.0,4,2),(50,3,'48070204C',1,19,2.5,47,53),(50,3,'77777777A',0,4,8.5,9,5),(50,4,'11111111A',0,1,8.0,2,1),(50,4,'48070204C',1,22,7.0,53,56),(50,4,'77777777A',0,2,8.5,5,3),(50,5,'11111111A',0,1,6.0,1,2),(50,5,'48070204C',1,23,11.0,56,55),(50,5,'77777777A',0,2,10.5,3,3),(50,6,'11111111A',0,1,10.0,2,1),(50,6,'48070204C',1,22,0.0,55,54),(50,6,'77777777A',0,2,6.5,3,5),(50,7,'11111111A',0,1,7.0,1,2),(50,7,'48070204C',1,22,8.0,54,53),(50,7,'77777777A',0,2,9.5,5,5),(51,0,'11111111A',1,8,6.0,20,28),(51,0,'48070204C',0,8,6.0,20,12),(51,1,'11111111A',1,12,7.0,28,33),(51,1,'48070204C',0,5,11.0,12,7),(51,2,'11111111A',1,14,5.0,33,36),(51,2,'48070204C',0,3,5.0,7,4),(51,3,'11111111A',1,15,3.0,36,38),(51,3,'48070204C',0,2,9.0,4,2),(51,4,'11111111A',1,16,8.0,38,36),(51,4,'48070204C',0,1,7.5,2,4),(52,0,'48070204C',1,8,10.0,20,12),(52,0,'77777777A',0,8,5.0,20,28),(52,1,'48070204C',1,5,7.0,12,24),(52,1,'77777777A',0,12,10.5,28,16),(52,2,'48070204C',1,10,10.0,24,24),(52,2,'77777777A',0,7,8.0,16,16),(52,3,'48070204C',1,10,0.0,24,17),(52,3,'77777777A',0,7,6.5,16,23),(52,4,'48070204C',1,7,7.0,17,27),(52,4,'77777777A',0,10,5.0,23,13),(53,0,'48070204C',1,8,10.5,20,12),(53,0,'77777777A',0,8,4.5,20,28),(53,1,'48070204C',1,5,7.5,12,24),(53,1,'77777777A',0,12,7.0,28,16),(53,2,'48070204C',1,10,0.0,24,31),(53,2,'77777777A',0,7,9.0,16,9),(53,3,'48070204C',1,13,0.0,31,35),(53,3,'77777777A',0,4,8.0,9,5),(53,4,'48070204C',1,14,0.0,35,37),(53,4,'77777777A',0,2,8.0,5,3),(54,0,'94699455Z',1,10,6.0,20,26),(54,0,'96183455P',0,6,8.5,20,14),(55,0,'94699455Z',1,10,2.0,20,20),(55,0,'96183455P',1,6,0.5,20,20),(56,0,'94699455Z',1,10,6.0,20,20),(56,0,'96183455P',1,6,6.0,20,20),(56,1,'94699455Z',1,10,5.0,20,20),(56,1,'96183455P',1,6,3.0,20,20),(57,0,'94699455Z',1,10,5.0,20,20),(57,0,'96183455P',1,6,5.0,20,20),(57,1,'94699455Z',1,10,7.0,20,20),(57,1,'96183455P',1,6,7.0,20,20),(57,2,'94699455Z',1,10,3.0,20,20),(57,2,'96183455P',1,6,5.5,20,20),(57,3,'94699455Z',1,10,5.0,20,20),(57,3,'96183455P',1,6,0.5,20,20),(57,4,'94699455Z',1,10,5.0,20,20),(57,4,'96183455P',1,6,5.0,20,20),(58,0,'86620191Y',1,10,0.0,20,20),(58,0,'94699455Z',1,10,6.0,20,20),(58,0,'96183455P',1,6,6.0,20,20),(58,1,'86620191Y',1,10,4.0,20,20),(58,1,'94699455Z',1,10,4.0,20,20),(58,1,'96183455P',1,6,4.5,20,20),(58,2,'86620191Y',1,10,5.0,20,20),(58,2,'94699455Z',1,10,6.0,20,20),(58,2,'96183455P',1,6,4.0,20,20),(58,3,'86620191Y',1,10,7.5,20,20),(58,3,'94699455Z',1,10,6.0,20,20),(58,3,'96183455P',1,6,7.0,20,20),(58,4,'86620191Y',1,10,7.0,20,20),(58,4,'94699455Z',1,10,6.0,20,20),(58,4,'96183455P',1,6,5.0,20,20),(59,0,'11111111A',0,8,7.0,20,28),(59,0,'324427N',1,10,8.0,20,12),(59,0,'44444444A',0,10,13.0,20,20),(59,1,'11111111A',0,12,5.5,28,16),(59,1,'324427N',1,6,7.5,12,34),(59,1,'44444444A',0,10,7.0,20,10),(59,2,'11111111A',0,7,7.5,16,30),(59,2,'324427N',1,17,13.0,34,15),(59,2,'44444444A',0,5,7.0,10,15),(59,3,'11111111A',1,12,6.5,30,22),(59,3,'324427N',0,8,7.5,15,31),(59,3,'44444444A',0,8,8.0,15,7),(59,4,'11111111A',0,9,7.0,22,13),(59,4,'324427N',1,16,7.0,31,44),(59,4,'44444444A',0,4,10.0,7,3),(59,5,'11111111A',0,6,7.0,13,7),(59,5,'324427N',1,22,7.0,44,52),(59,5,'44444444A',0,2,12.0,3,1),(59,6,'11111111A',0,3,7.0,7,10),(59,6,'324427N',1,26,11.0,52,47),(59,6,'44444444A',0,1,7.5,1,3),(59,7,'11111111A',0,3,5.0,10,7),(59,7,'324427N',0,3,8.0,47,44),(59,7,'44444444A',1,2,6.0,3,9),(60,0,'05437726C',1,10,5.5,20,30),(60,0,'86620191Y',0,10,4.0,20,10),(60,1,'05437726C',1,15,0.0,30,25),(60,1,'86620191Y',0,5,0.5,10,15),(60,2,'05437726C',1,13,0.0,25,33),(60,2,'86620191Y',0,8,0.0,15,7),(60,3,'05437726C',1,17,0.0,33,37),(60,3,'86620191Y',0,4,0.0,7,3),(61,0,'71909259N',1,6,0.5,20,30),(61,0,'8778925D',0,10,8.0,20,10),(62,0,'71909259N',1,6,11.0,20,0),(62,0,'8778925D',0,10,7.5,20,40),(63,0,'22222222A',1,6,7.0,20,10),(63,0,'83713549N',0,10,7.5,20,40),(63,0,'83765670S',0,10,11.5,20,10),(63,1,'22222222A',0,3,5.0,10,7),(63,1,'83713549N',1,20,7.0,40,48),(63,1,'83765670S',0,5,5.0,10,5),(63,2,'22222222A',0,3,6.0,7,4),(63,2,'83713549N',1,24,6.0,48,54),(63,2,'83765670S',0,3,6.0,5,2),(63,3,'22222222A',0,2,3.0,4,2),(63,3,'83713549N',1,27,7.0,54,57),(63,3,'83765670S',0,1,5.0,2,1),(63,4,'22222222A',0,1,9.0,2,1),(63,4,'83713549N',1,29,5.0,57,57),(63,4,'83765670S',0,1,6.0,1,2),(64,0,'44444444A',0,10,9.0,20,10),(64,0,'48401350N',1,6,0.0,20,30),(64,1,'44444444A',0,5,7.5,10,20),(64,1,'48401350N',1,9,12.0,30,20),(64,2,'44444444A',1,10,7.0,20,26),(64,2,'48401350N',0,6,6.0,20,14),(64,3,'44444444A',1,13,2.0,26,31),(64,3,'48401350N',0,5,11.0,14,9),(64,4,'44444444A',1,16,8.5,31,25),(64,4,'48401350N',0,3,7.5,9,15),(65,0,'86620191Y',1,10,9.5,20,20),(65,0,'8778925D',0,10,9.0,20,20),(65,0,'96183455P',0,6,8.5,20,20),(65,1,'86620191Y',1,10,12.0,20,14),(65,1,'8778925D',0,10,10.5,20,20),(65,1,'96183455P',0,6,3.0,20,26),(65,2,'86620191Y',1,7,6.0,14,16),(65,2,'8778925D',0,10,6.0,20,10),(65,2,'96183455P',0,8,7.0,26,34),(65,3,'86620191Y',1,8,7.0,16,32),(65,3,'8778925D',0,5,5.0,10,5),(65,3,'96183455P',0,11,6.5,34,23),(65,4,'86620191Y',1,16,7.5,32,42),(65,4,'8778925D',0,3,9.5,5,2),(65,4,'96183455P',0,7,6.0,23,16),(65,5,'86620191Y',1,21,7.5,42,48),(65,5,'8778925D',0,1,12.0,2,1),(65,5,'96183455P',0,5,4.0,16,11),(65,6,'86620191Y',1,24,6.0,48,53),(65,6,'8778925D',0,1,6.0,1,0),(65,6,'96183455P',0,4,8.0,11,7),(65,7,'86620191Y',1,27,6.5,53,47),(65,7,'96183455P',0,3,7.5,7,13),(66,0,'44444444A',1,10,6.5,20,30),(66,0,'51286024A',0,8,6.0,20,10),(66,1,'44444444A',1,15,12.0,30,22),(66,1,'51286024A',0,4,7.5,10,18),(66,2,'44444444A',0,11,9.0,22,11),(66,2,'51286024A',1,8,6.0,18,29),(66,3,'44444444A',0,6,8.0,11,11),(66,3,'51286024A',1,12,13.0,29,29),(66,4,'44444444A',0,6,7.0,11,5),(66,4,'51286024A',1,12,7.0,29,35),(67,0,'44444444A',0,10,7.0,20,30),(67,0,'51286024A',1,8,8.0,20,10),(67,1,'44444444A',0,10,8.0,30,20),(67,1,'51286024A',1,4,6.0,10,20),(67,2,'44444444A',0,10,10.5,20,10),(67,2,'51286024A',1,8,2.0,20,30),(67,3,'44444444A',0,5,7.0,10,5),(67,3,'51286024A',1,12,7.0,30,35),(67,4,'44444444A',0,3,7.0,5,2),(67,4,'51286024A',1,14,7.0,35,38),(67,5,'44444444A',0,1,10.5,2,1),(67,5,'51286024A',1,16,0.5,38,39),(67,6,'44444444A',0,1,7.0,1,0),(67,6,'51286024A',1,16,7.0,39,40),(68,0,'48073176W',1,10,11.5,20,20),(68,0,'51286024A',1,8,6.0,20,20),(68,1,'48073176W',1,10,0.5,20,20),(68,1,'51286024A',1,8,6.5,20,20),(68,2,'48073176W',1,10,0.5,20,20),(68,2,'51286024A',1,8,0.5,20,20),(68,3,'48073176W',1,10,7.0,20,20),(68,3,'51286024A',1,8,10.5,20,20),(68,4,'48073176W',1,10,6.5,20,20),(68,4,'51286024A',1,8,11.0,20,20),(68,5,'48073176W',1,10,8.0,20,20),(68,5,'51286024A',1,8,7.0,20,20),(68,6,'48073176W',1,10,7.0,20,20),(68,6,'51286024A',1,8,7.0,20,20),(68,7,'48073176W',1,10,9.0,20,20),(68,7,'51286024A',1,8,6.0,20,20),(68,8,'48073176W',1,10,1.0,20,20),(68,8,'51286024A',1,8,8.0,20,20),(68,9,'48073176W',1,10,8.0,20,20),(68,9,'51286024A',1,8,7.0,20,20),(68,10,'48073176W',1,10,10.5,20,20),(68,10,'51286024A',1,8,6.0,20,20),(68,11,'48073176W',1,10,10.5,20,20),(68,11,'51286024A',1,8,7.0,20,20),(68,12,'48073176W',1,10,0.0,20,20),(68,12,'51286024A',1,8,6.5,20,20),(68,13,'48073176W',1,10,0.5,20,20),(68,13,'51286024A',1,8,8.0,20,20),(68,14,'48073176W',1,10,6.5,20,20),(68,14,'51286024A',1,8,12.5,20,20),(68,15,'48073176W',1,10,3.0,20,20),(68,15,'51286024A',1,8,10.5,20,20),(68,16,'48073176W',1,10,7.0,20,20),(68,16,'51286024A',1,8,7.0,20,20),(68,17,'48073176W',1,10,8.5,20,20),(68,17,'51286024A',1,8,7.0,20,20),(68,18,'48073176W',1,10,2.0,20,20),(68,18,'51286024A',1,8,8.0,20,20),(68,19,'48073176W',1,10,6.0,20,20),(68,19,'51286024A',1,8,6.0,20,20),(69,0,'51286024A',0,8,9.5,20,12),(69,0,'86620191Y',1,10,1.0,20,28),(69,1,'51286024A',0,5,6.0,12,7),(69,1,'86620191Y',1,14,7.5,28,33),(70,0,'11111111A',1,8,0.5,20,28),(70,0,'83911631H',0,8,8.0,20,12),(70,1,'11111111A',1,12,6.0,28,33),(70,1,'83911631H',0,5,0.0,12,7),(70,2,'11111111A',1,14,0.5,33,36),(70,2,'83911631H',0,3,9.0,7,4),(71,0,'52010567T',1,6,5.0,20,26),(71,0,'99577770Y',0,6,5.0,20,14),(71,1,'52010567T',1,8,10.0,26,21),(71,1,'99577770Y',0,5,5.0,14,19),(71,2,'52010567T',1,7,7.0,21,27),(71,2,'99577770Y',0,6,3.0,19,13),(71,3,'52010567T',1,9,10.5,27,23),(71,3,'99577770Y',0,4,5.0,13,17),(71,4,'52010567T',1,7,6.5,23,29),(71,4,'99577770Y',0,6,3.0,17,11),(71,5,'52010567T',1,9,9.5,29,25),(71,5,'99577770Y',0,4,6.0,11,15),(71,6,'52010567T',1,8,10.0,25,20),(71,6,'99577770Y',0,5,4.0,15,20),(71,7,'52010567T',1,6,12.0,20,14),(71,7,'99577770Y',0,6,5.5,20,26),(71,8,'52010567T',1,5,6.5,14,6),(71,8,'99577770Y',0,8,7.0,26,34),(71,9,'52010567T',1,2,11.0,6,0),(71,9,'99577770Y',0,6,4.5,34,40),(72,0,'52010567T',1,6,5.0,20,20),(72,0,'99577770Y',1,6,6.0,20,20),(72,1,'52010567T',1,6,7.0,20,20),(72,1,'99577770Y',1,6,6.0,20,20),(72,2,'52010567T',1,6,7.0,20,20),(72,2,'99577770Y',1,6,7.0,20,20),(72,3,'52010567T',1,6,8.5,20,20),(72,3,'99577770Y',1,6,3.0,20,20),(72,4,'52010567T',1,6,0.5,20,20),(72,4,'99577770Y',1,6,3.0,20,20),(72,5,'52010567T',1,6,9.0,20,20),(72,5,'99577770Y',1,6,6.0,20,20),(72,6,'52010567T',1,6,2.0,20,20),(72,6,'99577770Y',1,6,3.0,20,20),(72,7,'52010567T',1,6,11.5,20,20),(72,7,'99577770Y',1,6,7.0,20,20),(72,8,'52010567T',1,6,4.0,20,20),(72,8,'99577770Y',1,6,10.0,20,20),(72,9,'52010567T',1,6,7.5,20,20),(72,9,'99577770Y',1,6,6.0,20,20),(73,0,'05437726C',1,10,6.0,20,20),(74,0,'8778925D',1,10,6.5,20,32),(74,0,'99577770Y',0,6,4.0,20,14),(74,0,'99999999R',0,6,6.0,20,14),(74,1,'8778925D',1,16,7.5,32,47),(74,1,'99577770Y',0,5,4.0,14,9),(74,1,'99999999R',0,5,6.0,14,4),(74,2,'8778925D',1,24,7.5,47,52),(74,2,'99577770Y',0,3,3.5,9,6),(74,2,'99999999R',0,2,8.0,4,2),(74,3,'8778925D',1,26,10.5,52,49),(74,3,'99577770Y',0,2,6.0,6,8),(74,3,'99999999R',0,1,7.0,2,3),(74,4,'8778925D',1,25,7.0,49,53),(74,4,'99577770Y',0,3,3.0,8,5),(74,4,'99999999R',0,1,6.5,3,2),(75,0,'16712Z',0,8,5.0,20,12),(75,0,'99999999R',1,6,5.0,20,28),(75,1,'16712Z',0,5,5.0,12,17),(75,1,'99999999R',1,9,9.5,28,23),(75,2,'16712Z',0,7,7.0,17,24),(75,2,'99999999R',1,7,9.5,23,16),(75,3,'16712Z',0,10,6.0,24,34),(75,3,'99999999R',1,5,10.0,16,6),(75,4,'16712Z',0,6,5.0,34,28),(75,4,'99999999R',1,2,7.0,6,12),(76,0,'35268822R',0,10,0.0,20,10),(76,0,'8778925D',1,10,2.0,20,30),(77,0,'35268822R',0,10,8.5,20,10),(77,0,'8778925D',1,10,7.0,20,30),(77,1,'35268822R',0,5,5.5,10,15),(77,1,'8778925D',1,15,8.0,30,25),(77,2,'35268822R',0,8,6.5,15,23),(77,2,'8778925D',1,13,11.0,25,17),(77,3,'35268822R',0,12,6.0,23,11),(77,3,'8778925D',1,9,7.0,17,29),(77,4,'35268822R',0,6,5.0,11,5),(77,4,'8778925D',1,15,5.0,29,35),(77,5,'35268822R',0,3,7.0,5,8),(77,5,'8778925D',1,18,12.5,35,32),(77,6,'35268822R',0,4,7.5,8,4),(77,6,'8778925D',1,16,7.5,32,36),(77,7,'35268822R',0,2,6.0,4,6),(77,7,'8778925D',1,18,9.5,36,34),(77,8,'35268822R',0,3,9.0,6,3),(77,8,'8778925D',1,17,2.0,34,37),(77,9,'35268822R',0,2,5.0,3,0),(77,9,'8778925D',1,19,6.5,37,40),(78,0,'16712Z',0,8,11.0,20,12),(78,0,'85782135R',1,6,4.0,20,22),(78,0,'99999999R',0,6,6.0,20,26),(78,1,'16712Z',0,5,9.0,12,7),(78,1,'85782135R',1,7,3.5,22,35),(78,1,'99999999R',0,8,3.0,26,18),(78,2,'16712Z',0,3,10.5,7,4),(78,2,'85782135R',1,11,4.0,35,32),(78,2,'99999999R',0,6,7.0,18,24),(78,3,'16712Z',0,2,7.0,4,2),(78,3,'85782135R',1,10,7.0,32,42),(78,3,'99999999R',0,8,6.5,24,16),(78,4,'16712Z',0,1,5.0,2,1),(78,4,'85782135R',1,13,5.5,42,38),(78,4,'99999999R',0,5,7.0,16,21),(78,5,'16712Z',0,1,7.0,1,2),(78,5,'85782135R',1,12,4.0,38,44),(78,5,'99999999R',0,7,4.0,21,14),(78,6,'16712Z',0,1,7.5,2,4),(78,6,'85782135R',1,14,3.0,44,47),(78,6,'99999999R',0,5,9.0,14,9),(78,7,'16712Z',1,2,6.5,4,11),(78,7,'85782135R',0,4,3.5,47,43),(78,7,'99999999R',0,3,4.0,9,6),(78,8,'16712Z',1,5,6.5,11,24),(78,8,'85782135R',0,11,4.0,43,32),(78,8,'99999999R',0,2,5.0,6,4),(78,9,'16712Z',1,10,10.5,24,12),(78,9,'85782135R',0,10,4.0,32,42),(78,9,'99999999R',0,2,6.5,4,6),(79,0,'16712Z',1,8,4.0,20,32),(79,0,'85782135R',0,6,3.0,20,14),(79,0,'99999999R',0,6,4.0,20,14),(80,0,'48070204C',0,8,8.0,20,20),(80,0,'77777777A',1,8,8.0,20,14),(80,0,'99577770Y',0,6,4.0,20,26),(80,1,'48070204C',0,8,12.5,20,12),(80,1,'77777777A',1,6,7.5,14,30),(80,1,'99577770Y',0,8,3.0,26,18),(80,2,'48070204C',0,5,11.5,12,0),(80,2,'77777777A',1,12,4.5,30,36),(80,2,'99577770Y',0,6,6.0,18,24),(80,3,'77777777A',1,15,4.0,36,44),(80,3,'99577770Y',0,8,3.5,24,16),(80,4,'77777777A',1,18,12.0,44,39),(80,4,'99577770Y',0,5,6.0,16,21),(80,5,'77777777A',1,16,5.0,39,46),(80,5,'99577770Y',0,7,4.0,21,14),(80,6,'77777777A',1,19,10.5,46,41),(80,6,'99577770Y',0,5,4.0,14,19),(80,7,'77777777A',1,17,10.0,41,35),(80,7,'99577770Y',0,6,7.0,19,25),(80,8,'77777777A',1,14,8.0,35,27),(80,8,'99577770Y',0,8,4.0,25,33),(80,9,'77777777A',1,11,10.0,27,17),(80,9,'99577770Y',0,10,4.0,33,43),(81,0,'42875930C',0,6,4.5,20,14),(81,0,'49554943V',0,6,6.5,20,26),(81,0,'66666666A',1,8,5.0,20,20),(81,1,'42875930C',0,5,7.0,14,19),(81,1,'49554943V',0,8,4.0,26,18),(81,1,'66666666A',1,8,5.5,20,23),(81,2,'42875930C',0,6,3.5,19,13),(81,2,'49554943V',0,6,0.0,18,12),(81,2,'66666666A',1,10,7.0,23,35),(81,3,'42875930C',0,4,7.0,13,17),(81,3,'49554943V',0,4,5.5,12,16),(81,3,'66666666A',1,14,9.5,35,27),(82,0,'99577770Y',0,6,6.5,20,14),(82,0,'99999999R',1,6,7.0,20,26),(82,1,'99577770Y',0,5,7.0,14,19),(82,1,'99999999R',1,8,9.0,26,21),(82,2,'99577770Y',0,6,4.0,19,13),(82,2,'99999999R',1,7,6.0,21,27),(83,0,'45548002K',0,6,0.0,20,18),(83,0,'77522195M',1,6,0.0,20,22),(83,1,'45548002K',0,6,0.0,18,12),(83,1,'77522195M',1,7,0.0,22,28),(84,0,'16712Z',0,8,5.0,20,28),(84,0,'99999999R',1,6,8.5,20,12),(84,1,'16712Z',0,12,7.0,28,40),(84,1,'99999999R',1,4,10.5,12,0);
/*!40000 ALTER TABLE `player_game_round` ENABLE KEYS */;
UNLOCK TABLES;

--
-- Final view structure for view `player_earnings`
--

/*!50001 DROP VIEW IF EXISTS `player_earnings`*/;
/*!50001 SET @saved_cs_client          = @@character_set_client */;
/*!50001 SET @saved_cs_results         = @@character_set_results */;
/*!50001 SET @saved_col_connection     = @@collation_connection */;
/*!50001 SET character_set_client      = utf8mb4 */;
/*!50001 SET character_set_results     = utf8mb4 */;
/*!50001 SET collation_connection      = utf8mb4_general_ci */;
/*!50001 CREATE ALGORITHM=UNDEFINED */
/*!50013 DEFINER=`username`@`localhost` SQL SECURITY DEFINER */
/*!50001 VIEW `player_earnings` AS select `pg`.`player_id` AS `player_id`,sum(`pg`.`ending_points` - `pg`.`starting_points`) AS `earnings`,count(`pg`.`cardgame_id`) AS `games_played`,sum(timestampdiff(SECOND,`c`.`start_hour`,`c`.`end_hour`)) / 60 AS `minutes_played` from (`player_game` `pg` join `cardgame` `c` on(`pg`.`cardgame_id` = `c`.`cardgame_id`)) group by `pg`.`player_id` */;
/*!50001 SET character_set_client      = @saved_cs_client */;
/*!50001 SET character_set_results     = @saved_cs_results */;
/*!50001 SET collation_connection      = @saved_col_connection */;
/*!40103 SET TIME_ZONE=@OLD_TIME_ZONE */;

/*!40101 SET SQL_MODE=@OLD_SQL_MODE */;
/*!40014 SET FOREIGN_KEY_CHECKS=@OLD_FOREIGN_KEY_CHECKS */;
/*!40014 SET UNIQUE_CHECKS=@OLD_UNIQUE_CHECKS */;
/*!40101 SET CHARACTER_SET_CLIENT=@OLD_CHARACTER_SET_CLIENT */;
/*!40101 SET CHARACTER_SET_RESULTS=@OLD_CHARACTER_SET_RESULTS */;
/*!40101 SET COLLATION_CONNECTION=@OLD_COLLATION_CONNECTION */;
/*!40111 SET SQL_NOTES=@OLD_SQL_NOTES */;

-- Dump completed on 2023-01-17  9:02:57
